{"labels": [4, 4, 4, 4, 4, 4, 4, 4, 4, 4, 4, 4, 4, 4, 4, 4, 4, 4, 4, 4, 4, 13, 4, 4, 4, 10, 15, 10, 4, 4, 10, 4, 4, 4, 10, 13, 8, 4, 4], "scores": [0.9872465133666992, 0.9854324460029602, 0.970837414264679, 0.9692378044128418, 0.9603769183158875, 0.8609268069267273, 0.7774807214736938, 0.6563140749931335, 0.6129925847053528, 0.5571027398109436, 0.5067012906074524, 0.4856610596179962, 0.4734604060649872, 0.4713665544986725, 0.4478432834148407, 0.4340272545814514, 0.3872557580471039, 0.37907087802886963, 0.32880401611328125, 0.22840818762779236, 0.2251075953245163, 0.22354070842266083, 0.16507279872894287, 0.16478510200977325, 0.1174021065235138, 0.11162274330854416, 0.09842952340841293, 0.09517943114042282, 0.09417377412319183, 0.0916895866394043, 0.08465079963207245, 0.07059355080127716, 0.05960043519735336, 0.058425985276699066, 0.05552688613533974, 0.05516372248530388, 0.05507128685712814, 0.052691493183374405, 0.05220275744795799], "bboxes": [[136.33714294433594, 168.95399475097656, 185.87252807617188, 315.93865966796875], [141.47764587402344, 325.25537109375, 191.91258239746094, 434.6160583496094], [255.15196228027344, 316.38153076171875, 310.3612976074219, 466.60162353515625], [77.14823913574219, 173.8641815185547, 122.27628326416016, 314.1833190917969], [196.2399444580078, 167.999267578125, 251.75198364257812, 354.97235107421875], [11.794321060180664, 374.6724548339844, 48.27562713623047, 429.90863037109375], [62.608821868896484, 321.3480529785156, 143.07347106933594, 495.95599365234375], [256.47930908203125, 174.3848114013672, 308.5492248535156, 323.01806640625], [82.64588165283203, 16.998994827270508, 117.5665054321289, 83.18824005126953], [60.57050704956055, 164.30377197265625, 133.84854125976562, 339.37091064453125], [250.1785125732422, 3.331421136856079, 337.8632507324219, 306.65802001953125], [140.15382385253906, 13.657731056213379, 190.2862091064453, 158.70654296875], [71.39057159423828, 9.277215003967285, 136.7510528564453, 252.63491821289062], [203.52789306640625, 462.7825622558594, 234.49851989746094, 499.4248046875], [208.40367126464844, 7.4306440353393555, 240.0438232421875, 102.52986907958984], [249.52822875976562, 253.44715881347656, 324.4961853027344, 489.7853698730469], [80.23905944824219, 322.48577880859375, 134.4532012939453, 451.0544128417969], [144.61886596679688, 457.95556640625, 176.0684051513672, 498.7824401855469], [79.96730041503906, 13.371468544006348, 126.3287353515625, 152.10353088378906], [263.5307312011719, 4.253433704376221, 314.8789367675781, 148.8539276123047], [86.86845397949219, 449.7909851074219, 117.78180694580078, 498.681640625], [22.989992141723633, 159.16989135742188, 318.0003356933594, 493.7659912109375], [135.55296325683594, 318.7583923339844, 202.74346923828125, 484.30810546875], [202.9609832763672, 17.523603439331055, 248.04632568359375, 148.61631774902344], [148.35739135742188, 19.537200927734375, 178.9693603515625, 76.92052459716797], [1.382059931755066, 37.56964111328125, 337.2980651855469, 500.0], [15.761102676391602, 13.56723690032959, 205.80795288085938, 483.7767639160156], [13.920206069946289, 11.913195610046387, 344.884521484375, 282.1082458496094], [75.12454986572266, 169.91363525390625, 138.12049865722656, 262.2123718261719], [197.52178955078125, 170.9713134765625, 249.61851501464844, 266.6518249511719], [50.53285217285156, 178.97625732421875, 262.77142333984375, 500.0], [20.13129997253418, 9.75069522857666, 180.57684326171875, 500.0], [253.2143096923828, 107.19615173339844, 323.2523193359375, 407.68658447265625], [138.0750274658203, 363.41412353515625, 161.903076171875, 432.3927001953125], [38.27393341064453, 306.2662048339844, 357.6855773925781, 500.0], [1.715927004814148, 21.636362075805664, 227.13037109375, 500.0], [7.273985862731934, 15.808204650878906, 135.28472900390625, 280.9954833984375], [144.01101684570312, 169.17063903808594, 173.78782653808594, 264.65606689453125], [80.31239318847656, 175.3872528076172, 112.52287292480469, 272.4340515136719]], "masks": [{"size": [500, 375], "counts": "nbR2g02]OR>R4YM2O1O1O001ON2O010O2O000O1000000000000000000000000000000001O00000000000000001O00000001O012M3M2N;BYSl2"}, {"size": [500, 375], "counts": "]eU2m2Y<>O100O100000000000000000O1000000000000001O00000000000000000000000000000000000001O0000001O001O4L9FhPi2"}, {"size": [500, 375], "counts": "jjl3b3l;d0A3M1O1O011O0000EiDYLW;f3jDZLV;g3iDYLW;S4O01O00O11O000000001O0001O00000000000O1000000000000O10O1000O101O00000000000001O1O1O2M]]o0"}, {"size": [500, 375], "counts": "chU1i3j;8I1O1O1O1OO10000O1O100000000000000O1000000001O0000001O00O1000000001O0000000000100O1O01Ne[k3"}, {"size": [500, 375], "counts": "Ulo2Q5[:c0C3OO010000O1000000000001O0001O0000001O00O1001O00O100001OO1001O000000O1000000O2O00000000000001O1O2M3N2N3M4gJZF\\4X>oKjgk1"}, {"size": [500, 375], "counts": "WW6<1FT?c1jN1O1O000000000000000000000000000000000000000000000000000000000000O2UO^Zo4"}, {"size": [500, 375], "counts": "QTo0m1<D\\;[201O0000000ZOZL^Ef3b:[L]Ee3b:]L]Ec3b:^L^Eb3`:aL^E`3Q:]LiE46_3n9WMnEj2Q:]1O100O100000000000000000000000000000000000000000000000000000000000000000000000000000000000000000O10001O00001O1O2N2N2M5Lh0[M[EjNT;[O\\F`0_<AkYb3"}, {"size": [500, 375], "counts": "gem3f3h;7J6H42N30O01O100O10000000000000000O1001OO100000000000000000000000O11O000O100001O001O0000001O0000O2O\\aP1"}, {"size": [500, 375], "counts": "jaX1`048P>h0H9N100000O100000000000000001O0000O1001O000000001O1OO11O01O8I0M5L<WOi^m3"}, {"size": [500, 375], "counts": "ZQn0\\2o<9O1O11O0000N2M3lM]MmFm2o8[MbFP3Y9h1N2O100O010000001N0100001O0001O000000000000000000O010000000000O100001OH8N3O0001OO001O20O000000O1010O04M4L2L9F5De0A<C7H8I=POmne3"}, {"size": [500, 375], "counts": "jcj31a>Z1@g0^O6nDoMGa0c5i1YJUNcNo1^6U1cIn0h5b4N1O0O1000000O2O00000000000000000000000000000000000000000000000000000000000000000000000000000000000000000000000000000000000000O10000000001O0000001O1O1N2O2N1O6Ib2\\GmI1hWb0"}, {"size": [500, 375], "counts": "Q^T24`0Z1d;mN_DZ2^;kM\\DV2c;PNWDQ2i;m0_OdLhD^3V;a0O10000000O1001OO10000000000000000001OO10000000000000000001O0000000001O001N3N3M2N2N7H3fNRDjN`ej2"}, {"size": [500, 375], "counts": "^ZS18o;4SFF]NU2c8kMWH=<g2X7QMWHh0Di2o7kNfG]1U8X3I3N1O001N10001O01OO1000001O0000000000000001O0000O11O001OO1001O1O0000O11O1N10O1001O0000O10O1O100O1TOSHnIP8n5YHhIm7T6k0G:M4M3nN_FiKg9k3X1E;Jeed3"}, {"size": [500, 375], "counts": "RRT3Q1b>1O1O10000000000000000000000000000000000000000000000001O1Oc\\T2"}, {"size": [500, 375], "counts": "`bU3c0:HK3^=W2\\O1O4L1O001O00000000000001O0000000000000O11NO210O00001O1N1J7KRmQ2"}, {"size": [500, 375], "counts": "e[k3;Q1^1PO`Na;P4fDhKe:h5hN8hNRJaHT6^7SJYHo5g7TJSHo5m7QJSHo5m7mIWHS6e8001O000UOiIZHV6e7nIZHo5g7QJZHn5f7RJZHn5f7oI]HQ6b7UJ[Hi5d7ZJ_Ha5a7`JeHY5[7gJdHZ5\\7fJbH\\5^7dJ`H^5`7cJ[Ha5d7cJSHc5m7_JPHb5P8`JnG`5R8Q10000001O0000O1000000000000000000000000000000000000000O10000000000YJgHR3Z7lL\\I`2d6_MhIV2Y6iMhIV2X6iMjIU2W6kMiIU2W6fMnI[2Q6[MXJf2h5nLeJP3]5oLdJS2VMbMe87ZJd1akh0"}, {"size": [500, 375], "counts": "hkW19k00[OH?d1Q;Y2O10000000000000000000000000O1000000F^D^Lf;b3ZD^Lf;a3[D_Le;b360000O1O1000000O1001O00O1001O00O1000001O01O01O4K200O1124KM1NQ[e3"}, {"size": [500, 375], "counts": "QXW2U1]>3N10000000000001OO11OO100000000000000000000001O00001O1O2N3MjfP3"}, {"size": [500, 375], "counts": "aRW17d0S3i:n0O0O100000001O0000000000000000000000000000000000000000000000000000000000000001O2N7nK^Dd3j;O1O1Obai3"}, {"size": [500, 375], "counts": "WmP4[4X;1O1000001O000O100001OO2OO2O00000001O000000000O100000000000000000000000O10001O0000001O6J2N1O8H3M8H>ZOXXm0"}, {"size": [500, 375], "counts": "hmZ1V1[>4L3M3O100000000000000000O10000000000000001O1O1O001O1O2N2N3KXQm3"}, {"size": [500, 375],