{"labels": [11, 7, 11, 8], "scores": [0.8706862330436707, 0.26960813999176025, 0.10248430073261261, 0.056043874472379684], "bboxes": [[38.27833557128906, 0.0, 426.8229675292969, 500.0], [26.66849136352539, 0.0, 428.04083251953125, 376.85845947265625], [94.38555145263672, 0.0, 424.8948059082031, 286.59259033203125], [265.1854553222656, 295.88885498046875, 445.2701416015625, 496.6944274902344]], "masks": [{"size": [500, 457], "counts": "mfb05a:\\7`M;Fm0SO9gIQGW3h0bMW9[ORFf1Y1eNf9g0mFROZ9CmG;g;O1O1O1O1O1O001O1O1O1O1O1O1O1O1O001O001O001O001O00001O00000000000000001O00000000000000000000000000000000001O00000000000000000000000000000000000000000000000000O10000000000000000000000000000000000000000000000000000000000000000000000000000000000O1000000000000000000000000000000000000000000000000000000000000000000001O000000000000001O0000000000000000000000000000000000000000000000000000000000000000llh00TSWO0000000000000000000000000000000000000000000000000000000O10000000000000000000000000000000000000000000000O10000000000000000000000000000O1000000000000O100000000O1000000O1000000000000O1000000000000O10000N2O1O1O1N2O1O1O1O1O1O1O1N2O1O1O10000O2O0O100O10000N3L4K5I7oNR1\\N[2oERMf3jh>"}, {"size": [500, 457], "counts": "RV=j4i:i1WNe0[O4L3M3N2M2O1O1O1O8Hd0\\O>B3M2N3aJUGo3m8gK]GW4Q:O2N1O2N2kKoDc3b;O1O001O001O001O00001O00000000000000000000001O000000000000000000000000000000000000000000000000000000000000000000000000000000000000000000000000000000000000000000000000000000000000000000000000000000000000000000000000000000000000000000000000000000000000000000000000000000000000000000000000000000000000000000000000000000000000000000000000000000000000000000O10000000000000000000000000000000000000000000000000000000000000000000000000000000000000000000000000000000000000000000000000000000000000000000000000000000000000000000000000000000000000000000000000000000000000000000000000000000000000000000000000000000000000000000000000000000000000000000000000000O1000000000000000000000000000000000000000000O10001O000000000O1000000000000O10001O000000000O10001O0G:D<F:Bo0VOR1aHZJk1iZ>"}, {"size": [500, 457], "counts": "`\\^1g8l62N2N101N100000000000000000000000000000000000000000000000000000000000000000000000000000001O000000000000000000000000000000000000000000000000000000000000000000000000000000000000000000000000000000000000000000000000000000000000000000000000000000000000000000000000000000000000000000000000000000000000000000000000000000000000000000000000000000000000000000000000000000000000000000000000O100000000000000000000000000000000000000001O0000000000000000000000O1000000000000000000000000000000000000000000000000000000000000000000000000000000000000000000000000000000000000000000000000000000000000000000000000000000000000000000000000000000000000000001O000000000000001N101N2hGjIo6g8eN^a?"}, {"size": [500, 457], "counts": "ZgQ4^4k9e1E2N2O00000000000000000O1000000000000000000000000001O00000000000000000000000000000000000001O00000000000000000000000000000000000001O00000000000000000000000O100000000010O000000000000O10000000000001O0000O10000000000000000000000000000000000000O100000000000000000000000000000000000000000000000000000000000000000000000000000000000000000O100000001O00000000004K8GP1XNfa5"}]}