{"labels": [0, 0, 0, 13], "scores": [0.9933964014053345, 0.19919736683368683, 0.15600602328777313, 0.09794554114341736], "bboxes": [[44.90092468261719, 143.37005615234375, 475.351806640625, 283.5908508300781], [210.6358642578125, 170.80975341796875, 455.9792785644531, 277.5028381347656], [15.49524974822998, 168.0843048095703, 283.56378173828125, 273.0961608886719], [137.76646423339844, 149.0696563720703, 327.9132385253906, 284.61090087890625]], "masks": [{"size": [375, 500], "counts": "jd`0T3`88H4L4N1N3N1O10000000000000000000000000000O100O100O100O100O1O10000O100O100000000000000000000000000000000000000001O0000001O00000000001O000000000000000000000000000000000000O10000O1000000O1000000O1000000000000000000000000000000000000O100000000000000000001O00000000000000000000000000000000000000000000000000000O1000000000000O100001O0O100000000000000000000000001O00001O0000001O00000000000000000000000000000000000000000000000000000000000000000000000000000000000000000000000000000000000000000000000000O100000000000000000000000000000000000000000000000000001O00000000000000000000000000000000000000000000000000000000000000O1000000000000000000000000000000000000000000000000O100000000O10000000000O100000000000000000000000000000000000000O10000000000O10000000000O100000000000000000000000000000000000000O1000000000000000000000000000000000000000000000000000000001N2O1O2M5J9ERP9"}, {"size": [375, 500], "counts": "R^]2W3_8101N100000000000000000000000000000000000000000000000000000000000000000000000000000000000000000000000000000000000000000000000000000000000000000000000000000000000000000000000000000000000000000000000000000000000000000000000000000000000000000000000000000000000000000000000000000000000000000000000000000000000000000000000000000000000000000000000000000000000000000000000000000000000000000000000000000000000000000000000000001O0000000000000000000000000000001O2N8H2N1O1O000000000000000000001N3N3Fjm?"}, {"size": [375, 500], "counts": "aQ6k1c9<J5J5J6O000O1000000O1000001O1O1O1O2N1O2N2N1O0000001O0000000000000000000001O010O00000000001O000000000000O1O100O100000000O1000000001O00000000000000001O001O1O001O00000000000000000000O1O1O1O1O100000000O1000000000000000000001O00000000001O001OO1000000O100000000000000000000O100000000000000000000000000000000000000000000000000000000000000000000000000000000000000000000000000000000000000000000000000000000000000000000000000000000000000000000000000000000000000000000000000000000000000000000000000000000000000000000000000000000000000001O0O2OeY_2"}, {"size": [375, 500], "counts": "bUc12c;6J2JJkD6S;8K5J7J5UN\\O^Hi0`7[OXHk0f7ZObG[1j7nMZHY3e7=O100O100O100O100O10000000000000000000000000001O0000000O1000000000000001O0000000000000O1000000001O0000000O10O10O1O10000001O000001OO01O1O100O100O1000000000000O100000000000000000001O000000O1000000000000000000000000000001O0000000000000000000000000000001O0000000000000000000000O100000000001O00000000O10000000000000000000000000000O100O10000000000001O001N4M?cMWln1"}]}