{"labels": [7, 11, 7, 2, 7], "scores": [0.9149941802024841, 0.23221896588802338, 0.22216717898845673, 0.05289782956242561, 0.05256948992609978], "bboxes": [[119.05288696289062, 5.4496750831604, 314.682373046875, 294.44488525390625], [104.1272964477539, 3.6230709552764893, 361.4271545410156, 295.1467590332031], [53.000144958496094, 6.761950969696045, 470.78399658203125, 295.9560546875], [148.42440795898438, 9.454262733459473, 318.5267028808594, 291.3624267578125], [234.1012420654297, 28.21792984008789, 469.53564453125, 273.55804443359375]], "masks": [{"size": [296, 475], "counts": "X]R1n0S8o0RIaN:^1m0R5M3N001N10001O0000001O0000000010O01O1oMUIc1\\7L8H8H2N3L4M4L4L3M001O001O001O000000001O000000000000000000000000000000000000000000000000000000000000000000000000000000000000000000000000000000000000000000000000000000000000000000000000000000000000000000000000000000000000000000000000000000000000000000000000000000000000000001O00000000001O001O001O003M3M2N2N2N1O1O1O1O1O002N2XHYOk6l0mH\\On6h0kH\\OT7]1O1O1N101O1XLWNSN2Oh1h1`NdMXODh0l0b1\\1l0_NBl0Q1hNP5EfX^1"}, {"size": [296, 475], "counts": "cRn0h0Z8o0]H_NT2R1Ba2bN\\NZ1l4M2O0000001O000000001N1000000000001O000000001O001O:F2N1O2N1O2N1O?A2N3M2N3M2N1O4L2N001O1O00001O0000001O0000000000000000000000000000000000000000000000000000000000000000000000000O1000000000000000000000000000000000000000000000000000000000000000000000000000000000000000000000000000000000000000000000000000000000000000000000000000000000000000000000000000000001O0000001O00001O00000000001O0000000000O100000O0100000YL3SNM`1b0^N^O\\NIV1T1<SO[NMW1S1<POZN0X1T1fNPOKM52X1T1\\MlNg0=:@:6W1d1lMSO:SOc06U1_3TN[Lg07S1`3TNZLh07Q1d3UNULj08g0m3^NlKj08e0o3_NjKl07d0Q4_NhKl09b0R4aNeKm09`0U4aNcKo09:P5FPKQO]Oc0l5;iJoN_Ob0j5?gJlNCb0h5b0fJjNDa0h5e0dJjNE?h5g0cJiNF?h5h0bJiNF?h5h0bJhNH>g5k0`JgNI<i5m0oJQOS5o0nJoNS5Q1mJnNT5R1mJkNU5V1^1001O3M3N2M6J3M1O1O1O001O1O1O1O2N2NG;I:[OjWQ1"}, {"size": [296, 475], "counts": "[m?4o87L3N2N2O001N10000000001O0000001O0000001O003M4L4L1N2O1O1O001O001O001lLjNTNV1e1SOYNn0e1UOYNk0f1XOXNi0f1YOlK]OP2Z1S2\\OeK@X2U1P2IoMb0e1_O[Nc0b1^O^Nc0_1@`Na0]1AbNb0W1CiN>POWNb0a1=9\\NSOj0h0j07WNA?;Z1`2XNdMh1b2kMfMT2g400000001O000000001O00000000001O000000001O0000001O000XNmH[1S7bNQI]1P7`NSI_1\\7O2N3gN[Hi0X8J5K4L4L1O001O00001O00001O00000000000000000000000000001O00000000000000000000000000000000000000000000000000000000000000000000000000000000000000000000000000000000000000000000000000000000000000000000000000000000000000000000000000000000000000000000000000000000000000000000000000000000000000000001O0000000000000000000O100000000000000000000000000000000000000000000O10000000000000000000000[LG[N9d1I[N7d1LZN4e1OYN1f14VNLY1IhK?m2H[1LcK?Q3E\\1i0cNWO\\1j0dNVO\\1k0cNUO\\1m0cNSO]1n0aNSO_1m0aNSO^1o0aNQO_1o0aNQO_1P1`NPO_1R1`NnN`1^1TNbNl1`1RN`Nm1b1RN^Nn1d1PN\\NP2f1mM[NS2f1lMZNS2m1gMSNY2W2]MiMc2[2mK[Mo0:T3i2kLWMU3j2jLUMW3l2gLUMX3m2gLSMY3m2gLSMY3m2gLSMY3n2fLRMY3o2gLQMY3o2gLQMY3o2gLRMW3P3hLPMX3P3hLPMl2GXL[3k0nLd1G]Nh3OaLc1KfMM3i3d0_Lc1M`M33d3i0\\Lc1c0^MU3o0WLc1k4]NUKb1m4]NSKc1l4^NTKb1l4^NTKc1j4^NVKb1i4_NWKa1i4_NWKa1h4`NXK`1h4`NXKa1f4`NZK`1f4`NZK`1f4`NZK`1f4aNYK`1e4aN[K_1e4aN[K_1e4aN[K_1e4aN[K_1e4aN[K^1f4bNZK^1g4aNYK^1h4bNXK^1i4aNWK^1j4bNVK^1k4aNUK_1k4aNUK^1m4aNSK_1m4aNSK^1o4aNQK_1o4aNQK_1P5`NPK_1S5_NnJ`1S5_NmJa1R5`NnJ`1R5`NnJ`1P5bNPK^1P5aNQK`1m4aNSK_1m4aNSK_1l4bNTK^1l4bNTK^1l4bNTK^1k4cNUK^1j4aNXK^1g4cNYK]1g4cNYK]1g4cNYK^1f4aN[K^1f4bNZK^1f4bNZK^1f4bNZK^1f4aN[K_1e4aN[K^1g4aNYK_1g4aNYK_1g4aNYK_1g4aNZK^1f4bNZK^1g4aNYK^1h4aNYK_1g4aNYK_1g4aNYK_1g4aNYK`1f4_N\\K`1d4`N]K`1a4`NaK_1_4aNcK^1[4bNhK\\1X4dNjK[1U4dNoKY1P4hNTLU1k3jNYLS1g3mN^Lo0`3QOfLk0Y3UOjLi0T3WOnLj0P3VOQMj0n2VORMi0o2UOTMh0n2XORMg0P3WOQMh0P3WOQMh0P3WOQMi0o2VOSMh0o2WOQMi0o2VORMi0o2VOSMi0m2WOSMi0n2UOSMj0n2VOSMi0m2VOTMi0m2WOTMh0m2VOWMe0l2UO^M5`MJbi2"}, {"size": [296, 475], "counts": "aiZ1[6h2X2lM3M2O001O0000000000000000000000000000000000000000000000000000000000000000000000000000000000000000000000000000000000000000000000000000000000000000000000000000000000000000000000000000000O11O00000000000000000000000000000000000000000000000000000000000000000000000000000000001O00000000001O0000001O0000000000001O00000cHHi59UJJj56UJLj54UJMk53TJOW2HO9jM0S20TNG3:FOP27PN2KH5Of1Q1gMC6]O<1b1m2PNRM>1`1Q3oMoLa01]1S3QNSM44d0BPOd3Ila]1"}, {"size": [296, 475], "counts": "aRT2b1[6m1RM]MhM[3ERLQ1i0YNYO9X42kK[1U1\\NU39fK[1T6cNmI\\1T6dNlI\\1T6cNmI]1T6bNlI^1T6aNnI^1S6aNmI_1U6^NlIb1W6[NiIe1X6ZNhIe1n60000000001O00000000000000000O100000000000000000001O000000000000000000000000000000000000000000000000000000000000000000000000000000000000000000000000000000000000000000000000000000000000000000000000000000000000000000000000000000000000000000000000000000000000000000000000000000000000000000000000000001O00001O001O004L6J000000000000O1002N2N4L4L2N4K2O1O1O00001O000000000000O1O100O1O010N2O11O001O001O0000001O1N101N1L5J5N3L30000O101O0000001O3`KVMA]Oe1k3UNjNHPQ2"}]}