{"labels": [6, 3], "scores": [0.9820091724395752, 0.14402231574058533], "bboxes": [[267.73974609375, 140.07965087890625, 325.42413330078125, 188.92108154296875], [263.9862060546875, 139.7839813232422, 325.8832092285156, 187.6788787841797]], "masks": [{"size": [315, 474], "counts": "dbb2[1]84O00000O1001O00000000000000001O00000000O11O0000O2O01OO100000000000000000000000000000000000000001O000000O1001O1OXf]1"}, {"size": [315, 474], "counts": "hbb2U1`88M1O100000000001O00000000000000000000000000000001O000000000000000000000000000000000000000000000000000000000001N4M[\\]1"}]}