{"labels": [16, 7, 14, 7, 11, 12, 11, 11, 7, 11, 9, 11, 11, 2, 7, 11, 11, 8, 11, 7, 11, 11, 11, 7, 11, 7, 11, 11, 7, 11, 7, 11, 11, 11, 11, 11, 11, 11, 7, 11, 7, 14, 7, 11, 11, 11, 11, 7, 17, 14, 11, 14, 14, 7, 7, 7, 7, 11, 7, 7, 11, 2, 11, 7, 7, 2, 11, 4, 2, 7, 14, 14, 11, 14, 11, 14, 7, 7, 2, 14, 11, 11, 7, 7, 14, 14, 14, 7, 4, 7, 7, 4, 11, 7, 7, 7, 2, 2, 2, 7], "scores": [0.03523145243525505, 0.19822785258293152, 0.11766253411769867, 0.04124835133552551, 0.053820278495550156, 0.05756347253918648, 0.03779146075248718, 0.054230086505413055, 0.037626251578330994, 0.6529668569564819, 0.06802009046077728, 0.04285932332277298, 0.049549710005521774, 0.08779741078615189, 0.03913716599345207, 0.04926850646734238, 0.0357489176094532, 0.04881574958562851, 0.09005961567163467, 0.03646639734506607, 0.03983188048005104, 0.07021812349557877, 0.03908226639032364, 0.053520068526268005, 0.03752613812685013, 0.07528828084468842, 0.04278353229165077, 0.045781459659338, 0.04015737771987915, 0.03720400482416153, 0.043106138706207275, 0.06885980069637299, 0.036751601845026016, 0.03557935357093811, 0.03877992555499077, 0.040843699127435684, 0.035049766302108765, 0.0340103879570961, 0.029294192790985107, 0.029618846252560616, 0.031049605458974838, 0.03296200931072235, 0.033259764313697815, 0.031943149864673615, 0.031709495931863785, 0.02970227226614952, 0.03139388933777809, 0.029109980911016464, 0.03360600024461746, 0.03190994635224342, 0.03269694000482559, 0.02901151031255722, 0.024544792249798775, 0.02369515784084797, 0.026645245030522346, 0.02502588741481304, 0.02348978817462921, 0.02796371839940548, 0.026645423844456673, 0.023848067969083786, 0.027219748124480247, 0.028391940519213676, 0.02571486122906208, 0.027243707329034805, 0.027395376935601234, 0.02349966950714588, 0.02334122359752655, 0.02475483901798725, 0.02358287386596203, 0.024200841784477234, 0.023960229009389877, 0.026009032502770424, 0.023605260998010635, 0.0277524646371603, 0.024676961824297905, 0.023355305194854736, 0.02502363547682762, 0.02386995032429695, 0.024890555068850517, 0.02666473761200905, 0.027676472440361977, 0.02889045886695385, 0.026406094431877136, 0.023027248680591583, 0.02273712307214737, 0.02219652570784092, 0.02208198606967926, 0.021861940622329712, 0.02174476720392704, 0.021726172417402267, 0.021524064242839813, 0.02139793522655964, 0.02126038633286953, 0.02122168429195881, 0.02106316015124321, 0.020707078278064728, 0.020495442673563957, 0.020470209419727325, 0.020450031384825706, 0.020261624827980995], "bboxes": [[39.55735397338867, 0.3304443359375, 430.8445739746094, 489.4046325683594], [39.55735397338867, 0.3304443359375, 430.8445739746094, 489.4046325683594], [39.55735397338867, 0.3304443359375, 430.8445739746094, 489.4046325683594], [61.85984802246094, 109.21393585205078, 273.0923156738281, 491.33209228515625], [55.79022979736328, 7.1259589195251465, 407.541259765625, 491.6178283691406], [39.55735397338867, 0.3304443359375, 430.8445739746094, 489.4046325683594], [77.35369110107422, 11.242955207824707, 320.6526184082031, 493.9074401855469], [56.77729415893555, 10.7271728515625, 429.76605224609375, 491.50299072265625], [55.79022979736328, 7.1259589195251465, 407.541259765625, 491.6178283691406], [39.55735397338867, 0.3304443359375, 430.8445739746094, 489.4046325683594], [39.55735397338867, 0.3304443359375, 430.8445739746094, 489.4046325683594], [75.4284439086914, -1.5083792209625244, 375.10357666015625, 258.0477600097656], [74.01197052001953, 3.866542339324951, 433.0196228027344, 493.20648193359375], [39.55735397338867, 0.3304443359375, 430.8445739746094, 489.4046325683594], [61.54909133911133, 3.3032925128936768, 333.2730712890625, 493.739990234375], [61.54909133911133, 3.3032925128936768, 333.2730712890625, 493.739990234375], [18.667600631713867, -0.0685773566365242, 177.44166564941406, 180.95103454589844], [39.55735397338867, 0.3304443359375, 430.8445739746094, 489.4046325683594], [54.41921615600586, -2.1600515842437744, 430.51617431640625, 488.9941711425781], [30.453458786010742, 0.7997872233390808, 434.10028076171875, 338.07666015625], [94.64280700683594, -1.6852853298187256, 343.6556091308594, 283.73388671875], [30.453458786010742, 0.7997872233390808, 434.10028076171875, 338.07666015625], [28.955547332763672, 1.7979212999343872, 390.66278076171875, 217.55918884277344], [54.41921615600586, -2.1600515842437744, 430.51617431640625, 488.9941711425781], [165.03567504882812, -4.080025672912598, 427.33154296875, 318.67529296875], [62.85400390625, 112.07987213134766, 180.15992736816406, 483.2018127441406], [95.57449340820312, -1.4178466796875, 431.0069274902344, 308.8595886230469], [49.57453918457031, 0.8908866047859192, 422.1677551269531, 248.7784881591797], [56.77729415893555, 10.7271728515625, 429.76605224609375, 491.50299072265625], [25.769269943237305, -1.7813546657562256, 262.4861755371094, 198.19972229003906], [43.030704498291016, -41.4229736328125, 332.8916015625, 493.00640869140625], [43.030704498291016, -41.4229736328125, 332.8916015625, 493.00640869140625], [132.68136596679688, -1.4153181314468384, 428.6115417480469, 305.4881286621094], [124.45882415771484, -7.506400108337402, 424.6046142578125, 361.01025390625], [48.264957427978516, -1.5872628688812256, 350.8764953613281, 314.91387939453125], [106.928955078125, -2.39453125, 427.56158447265625, 348.2564392089844], [174.17303466796875, -2.462489604949951, 425.011474609375, 372.3645324707031], [111.9902114868164, 13.528425216674805, 394.3930358886719, 496.7603454589844], [59.61632537841797, 90.12236785888672, 190.63331604003906, 490.8230285644531], [138.36337280273438, -6.816737651824951, 426.7082214355469, 414.6236877441406], [66.58661651611328, 249.5363006591797, 248.45431518554688, 489.015869140625], [54.41921615600586, -2.1600515842437744, 430.51617431640625, 488.9941711425781], [74.01197052001953, 3.866542339324951, 433.0196228027344, 493.20648193359375], [151.9419403076172, -6.655064105987549, 428.5052490234375, 316.2255859375], [59.38315200805664, -7.1546454429626465, 425.2267761230469, 493.3426208496094], [235.68370056152344, -33.42700958251953, 424.4532470703125, 323.9198303222656], [60.80657196044922, -16.850393295288086, 429.5169677734375, 493.2037658691406], [55.20100402832031, 97.92478942871094, 435.4911193847656, 492.86956787109375], [39.55735397338867, 0.3304443359375, 430.8445739746094, 489.4046325683594], [30.453458786010742, 0.7997872233390808, 434.10028076171875, 338.07666015625], [105.70075225830078, -38.41085433959961, 366.7261962890625, 406.9680480957031], [18.667600631713867, -0.0685773566365242, 177.44166564941406, 180.95103454589844], [55.79022979736328, 7.1259589195251465, 407.541259765625, 491.6178283691406], [68.69200897216797, 270.2760314941406, 174.54722595214844, 483.33935546875], [63.41426467895508, 387.94683837890625, 179.982666015625, 484.8359375], [67.13956451416016, 295.30950927734375, 209.6740264892578, 487.9807434082031], [25.769269943237305, -1.7813546657562256, 262.4861755371094, 198.19972229003906], [163.9459228515625, -5.267857074737549, 427.47235107421875, 336.8229675292969], [59.38315200805664, -7.1546454429626465, 425.2267761230469, 493.3426208496094], [95.57449340820312, -1.4178466796875, 431.0069274902344, 308.8595886230469], [29.368122100830078, -3.080723285675049, 346.10479736328125, 207.70643615722656], [18.667600631713867, -0.0685773566365242, 177.44166564941406, 180.95103454589844], [79.9612808227539, 1.7913252115249634, 267.5496826171875, 128.5602569580078], [77.35369110107422, 11.242955207824707, 320.6526184082031, 493.9074401855469], [54.78778839111328, 204.55661010742188, 435.5685119628906, 494.2784118652344], [79.9612808227539, 1.7913252115249634, 267.5496826171875, 128.5602569580078], [61.85984802246094, 109.21393585205078, 273.0923156738281, 491.33209228515625], [25.769269943237305, -1.7813546657562256, 262.4861755371094, 198.19972229003906], [25.769269943237305, -1.7813546657562256, 262.4861755371094, 198.19972229003906], [66.65402221679688, 295.4508361816406, 