{"labels": [0, 0, 6, 0, 0, 0, 0, 0, 0, 6, 0, 0, 0, 0, 0, 0, 2, 2, 0, 0, 0, 0, 0, 0, 6, 2, 0, 0, 2, 0, 0, 18, 17, 16, 0, 0, 0, 13, 12, 0, 0, 0, 0, 14, 2, 6, 0, 9, 0, 3, 6, 0, 0, 0, 0, 0, 0, 0, 0, 6, 0, 2, 0, 0, 0, 6, 0, 18, 18, 14, 2, 14, 11, 0, 2, 2, 2, 2, 2, 3, 7, 2, 2, 13, 2, 2, 2, 2, 0, 6, 0, 14, 0, 18, 18, 14, 14, 2, 0, 6], "scores": [0.03699555620551109, 0.035962436348199844, 0.023421820253133774, 0.025731123983860016, 0.03664939105510712, 0.04466398060321808, 0.026099182665348053, 0.07462779432535172, 0.027350105345249176, 0.018351856619119644, 0.02497595176100731, 0.06679627299308777, 0.03356775641441345, 0.023426111787557602, 0.02259647287428379, 0.030219994485378265, 0.03204452991485596, 0.020174002274870872, 0.05133921280503273, 0.03707181662321091, 0.02549576573073864, 0.03611251339316368, 0.021014763042330742, 0.03807288408279419, 0.01965869404375553, 0.01830897107720375, 0.018073739483952522, 0.021204844117164612, 0.019829967990517616, 0.034748632460832596, 0.019355718046426773, 0.02696399949491024, 0.026383116841316223, 0.02573775313794613, 0.019659707322716713, 0.02517864853143692, 0.0293683223426342, 0.03592090681195259, 0.03599518537521362, 0.02844853140413761, 0.037735968828201294, 0.8762209415435791, 0.023020131513476372, 0.02696201018989086, 0.05446213111281395, 0.0229464340955019, 0.028869062662124634, 0.03286080062389374, 0.024635225534439087, 0.020159659907221794, 0.03999421373009682, 0.025089245289564133, 0.041136484593153, 0.02318485826253891, 0.034274403005838394, 0.03263480216264725, 0.028660805895924568, 0.029404833912849426, 0.04441206157207489, 0.03330027312040329, 0.01891362853348255, 0.022263288497924805, 0.024879660457372665, 0.023353466764092445, 0.05459766462445259, 0.01796288602054119, 0.01669430546462536, 0.016557276248931885, 0.016994435340166092, 0.01601576618850231, 0.017188096418976784, 0.016940360888838768, 0.015092299319803715, 0.016915271058678627, 0.016054119914770126, 0.015870336443185806, 0.015492471866309643, 0.015945011749863625, 0.017567086964845657, 0.015115984715521336, 0.017835410311818123, 0.01502375677227974, 0.015012053772807121, 0.014789159409701824, 0.014711586758494377, 0.01450374349951744, 0.014344646595418453, 0.01433428842574358, 0.014302557334303856, 0.014208881184458733, 0.014105633832514286, 0.014076936058700085, 0.014050264842808247, 0.014019746333360672, 0.013991853222250938, 0.013898358680307865, 0.01386166736483574, 0.013853429816663265, 0.013745959848165512, 0.013699878938496113], "bboxes": [[191.96812438964844, 155.8036651611328, 370.8489685058594, 278.9032897949219], [137.6725311279297, 154.77305603027344, 408.70770263671875, 280.57891845703125], [207.17648315429688, 163.0948944091797, 268.25750732421875, 197.1127471923828], [220.5943145751953, 151.5177459716797, 303.24322509765625, 186.0712890625], [165.57176208496094, 165.13636779785156, 452.075927734375, 278.84906005859375], [150.64691162109375, 155.60243225097656, 479.0816650390625, 281.692138671875], [210.2324981689453, 163.96017456054688, 305.4326477050781, 187.59213256835938], [186.86346435546875, 154.62783813476562, 473.20465087890625, 278.4631042480469], [23.82514762878418, 163.33531188964844, 317.5041809082031, 280.4623718261719], [205.22914123535156, 165.17306518554688, 255.96568298339844, 186.9806671142578], [205.1862335205078, 164.4499053955078, 258.4147033691406, 183.16064453125], [207.123046875, 155.2253875732422, 319.64501953125, 216.09471130371094], [215.68238830566406, 156.0426788330078, 310.12115478515625, 264.7562255859375], [14.747611999511719, 150.46922302246094, 486.38702392578125, 284.9661865234375], [319.1484375, 192.96026611328125, 475.493408203125, 238.29519653320312], [238.98692321777344, 193.89292907714844, 478.70465087890625, 236.77528381347656], [207.123046875, 155.2253875732422, 319.64501953125, 216.09471130371094], [208.14134216308594, 156.16615295410156, 311.9814758300781, 240.78977966308594], [178.3593292236328, 154.4152069091797, 476.85260009765625, 281.05670166015625], [208.14134216308594, 156.16615295410156, 311.9814758300781, 240.78977966308594], [175.23316955566406, 154.64749145507812, 367.5933837890625, 258.7938232421875], [226.59556579589844, 187.3905487060547, 480.0800476074219, 245.30091857910156], [126.52069854736328, 155.00588989257812, 484.9632568359375, 281.9306335449219], [15.252853393554688, 162.7233123779297, 331.3885803222656, 282.60467529296875], [205.1862335205078, 164.4499053955078, 258.4147033691406, 183.16064453125], [15.252853393554688, 162.7233123779297, 331.3885803222656, 282.60467529296875], [196.01803588867188, 164.76634216308594, 268.9721374511719, 185.16477966308594], [16.157398223876953, 153.10040283203125, 374.3260803222656, 281.4068908691406], [215.68238830566406, 156.0426788330078, 310.12115478515625, 264.7562255859375], [156.369140625, 155.9273681640625, 382.5067443847656, 279.9022216796875], [31.485960006713867, 150.96630859375, 488.5296630859375, 284.0826416015625], [8.675572395324707, 148.38998413085938, 481.77490234375, 283.40447998046875], [8.675572395324707, 148.38998413085938, 481.77490234375, 283.40447998046875], [8.675572395324707, 148.38998413085938, 481.77490234375, 283.40447998046875], [288.63311767578125, 265.2801513671875, 328.2964172363281, 283.3496398925781], [32.79598617553711, 149.8341064453125, 486.0478210449219, 282.3216247558594], [185.4872283935547, 184.78756713867188, 385.593017578125, 278.7076110839844], [8.675572395324707, 148.38998413085938, 481.77490234375, 283.40447998046875], [8.675572395324707, 148.38998413085938, 481.77490234375, 283.40447998046875], [226.2488555908203, 171.85726928710938, 407.1187744140625, 277.64422607421875], [204.85777282714844, 158.47445678710938, 401.0843811035156, 279.0126647949219], [8.675572395324707, 148.38998413085938, 481.77490234375, 283.40447998046875], [238.48048400878906, 193.95492553710938, 466.2935791015625, 222.97105407714844], [194.48828125, 259.36834716796875, 226.47525024414062, 282.2936706542969], [8.675572395324707, 148.38998413085938, 481.77490234375, 283.40447998046875], [194.48828125, 259.36834716796875, 226.47525024414062, 282.2936706542969], [136.04527282714844, 155.3513946533203, 440.7685852050781, 281.93048095703125], [8.675572395324707, 148.38998413085938, 481.77490234375, 283.40447998046875], [23.21755599975586, 151.9385986328125, 483.9878234863281, 283.8720397949219], [8.675572395324707, 148.38998413085938, 481.77490234375, 283.40447998046875], [8.675572395324707, 148.38998413085938, 481.77490234375, 283.40447998046875], [262.6691589355469, 204.36170959472656, 348.7378845214844, 221.2395477294922], [13.29955768585205, 156.87728881835938, 365.2288818359375, 283.3447265625], [205.22914123535156, 165.17306518554688, 255.96568298339844, 186.9806671142578], [16.722488403320312, 167.5494384765625, 287.74560546875, 281.10833740234375], [204.98805236816406, 154.9283905029297, 369.2340087890625, 251.79164123535156], [158.99798583984375, 160.75526428222656, 311.1561584472656, 234.33221435546875], [139.53170776367188, 156.6815643310547, 321.44073486328125, 282.0780944824219], [152.72010803222656, 156.50045776367188, 478.2475280761719, 281.3209533691406], [262.6691589355469, 204.36170959472656, 348.7378845214844, 221.2395477294922], [20.307016372680664, 152.981689453125, 385.98358154296875, 282.2498779296875], [186.86346435546875, 154.62783813476562, 473.20465087890625, 278.4631042480469], [201.71165466308594, 197.321044921875, 300.6527404785156, 275.85284423828125], [17.509366989135742, 193.12741088867188, 107.22945404052734, 238.69711303710938], [130.280517578125, 157.44276428222656, 483.26727294921875, 281.13690185546875], [196.01803588867188, 164.76634216308594, 268.9721374511719, 185.16477966308594], [145.54298400878906, 248.06581115722656, 184.4339599609375, 284.5583801269531], [194.48828125, 259.36834716796875, 226.47525024414062, 282.2936706542969], [205.22914123535156, 165.17306518554688, 255.96568298339844, 186.9806671142578], [207.17648315429688, 163.0948944091797, 