{"labels": [10, 4, 4, 4, 4, 4, 4, 4, 4, 4, 4, 4, 4, 4, 4, 14, 8, 4, 4, 14, 4, 8, 4, 4, 4, 4, 4, 4, 4, 4, 4, 8, 4, 4, 4, 4, 4, 4, 4, 4, 4, 4, 4, 4, 4, 4, 4, 4, 8, 4, 4, 4, 4, 4, 10, 4, 4, 4, 4, 10, 4, 4, 4, 4, 4, 10, 4, 4, 8, 4, 4, 8, 4, 4, 4, 4, 4, 4, 4, 4, 4, 4, 4, 4, 4, 4, 4, 4, 8, 4, 4, 4, 8, 4, 5, 4, 4, 4, 8, 5], "scores": [0.10443677008152008, 0.21811138093471527, 0.2456802874803543, 0.1819612979888916, 0.1492384523153305, 0.09218113869428635, 0.07670652866363525, 0.24069815874099731, 0.12090261280536652, 0.3435586988925934, 0.07188273966312408, 0.06840831786394119, 0.08197566121816635, 0.10525696724653244, 0.1472853422164917, 0.06309333443641663, 0.08012474328279495, 0.12295837700366974, 0.08529055118560791, 0.061070892959833145, 0.11448746174573898, 0.07140609622001648, 0.10746312886476517, 0.2292926162481308, 0.26084238290786743, 0.10867346078157425, 0.09493816643953323, 0.5092185735702515, 0.28813764452934265, 0.15418574213981628, 0.3205798864364624, 0.07204017788171768, 0.11153115332126617, 0.09444226324558258, 0.06635274738073349, 0.09697497636079788, 0.13137032091617584, 0.48465171456336975, 0.12448161840438843, 0.2264804095029831, 0.13931585848331451, 0.06788737326860428, 0.28387168049812317, 0.1189533993601799, 0.24340322613716125, 0.10807548463344574, 0.24923375248908997, 0.2955358028411865, 0.09141682833433151, 0.15468555688858032, 0.19992204010486603, 0.0773317739367485, 0.14677275717258453, 0.1734483540058136, 0.22745446860790253, 0.0925804004073143, 0.10605858266353607, 0.17966753244400024, 0.10852699726819992, 0.10117204487323761, 0.2379157841205597, 0.15076643228530884, 0.13127227127552032, 0.09717647731304169, 0.0738997608423233, 0.15691004693508148, 0.2683965563774109, 0.09568995982408524, 0.07994034141302109, 0.16433322429656982, 0.15655691921710968, 0.07976606488227844, 0.07357428222894669, 0.0992409810423851, 0.12812601029872894, 0.22989386320114136, 0.18135373294353485, 0.12544696033000946, 0.14174799621105194, 0.13225097954273224, 0.16213442385196686, 0.3128598928451538, 0.18090660870075226, 0.1664039045572281, 0.22117511928081512, 0.08568413555622101, 0.14813604950904846, 0.1568797528743744, 0.08602453768253326, 0.0627765953540802, 0.20351821184158325, 0.10459978133440018, 0.09002134948968887, 0.5899112224578857, 0.060767851769924164, 0.06067124381661415, 0.06039810553193092, 0.05856133624911308, 0.05837378650903702, 0.05797881633043289], "bboxes": [[70.51429748535156, 11.220157623291016, 346.71173095703125, 254.36558532714844], [138.14390563964844, 164.2607421875, 189.7487335205078, 462.9805908203125], [75.9117431640625, 15.249307632446289, 138.0086212158203, 155.9235382080078], [252.49627685546875, 3.6237621307373047, 332.80419921875, 228.42271423339844], [108.88629150390625, 161.89669799804688, 154.70510864257812, 503.84661865234375], [61.9420166015625, 233.05657958984375, 93.16975402832031, 505.0326232910156], [36.18844985961914, 0.4372994303703308, 83.77327728271484, 297.0369873046875], [255.40768432617188, 168.17730712890625, 314.4748229980469, 313.5481262207031], [68.7595443725586, 185.81317138671875, 139.36898803710938, 506.4803466796875], [194.2899627685547, 168.0711669921875, 250.2440185546875, 345.3803405761719], [59.38457489013672, 270.6792907714844, 86.02547454833984, 422.9574890136719], [254.2650146484375, 321.6039123535156, 311.048828125, 467.4590148925781], [257.7864074707031, 155.19113159179688, 310.3473205566406, 416.3558044433594], [93.76872253417969, 332.6400146484375, 136.3251190185547, 444.4269104003906], [193.61590576171875, 164.1409454345703, 250.90248107910156, 352.0340881347656], [136.84030151367188, 166.76156616210938, 187.27149963378906, 351.9192810058594], [274.4940185546875, -50.141780853271484, 344.5507507324219, 545.2774658203125], [257.9030456542969, 0.13489799201488495, 301.404541015625, 296.54437255859375], [255.89759826660156, 13.569968223571777, 316.6399841308594, 500.482666015625], [74.0609359741211, 318.18682861328125, 135.65223693847656, 500.8721008300781], [194.46678161621094, 166.41714477539062, 249.85020446777344, 330.44976806640625], [290.9587097167969, 89.12379455566406, 338.4406433105469, 403.6530456542969], [137.29119873046875, 167.050048828125, 176.39755249023438, 303.1380920410156], [193.718994140625, 167.2734832763672, 250.68670654296875, 351.691162109375], [74.42828369140625, 165.12380981445312, 130.2721710205078, 364.0498352050781], [154.7161865234375, 30.490989685058594, 232.42938232421875, 144.19053649902344], [252.5249786376953, -9.09372329711914, 331.2967224121094, 498.0827941894531], [136.84030151367188, 166.76156616210938, 187.27149963378906, 351.9192810058594], [70.77637481689453, 165.4015350341797, 132.35145568847656, 392.4081726074219], [194.66647338867188, 169.01661682128906, 249.35850524902344, 318.0225830078125], [137.2549285888672, 314.8397521972656, 195.9484100341797, 501.78363037109375], [275.5971374511719, -2.362609624862671, 344.35736083984375, 466.6649169921875], [75.51605224609375, 160.46522521972656, 127.02908325195312, 492.8872985839844], [256.4964294433594, 150.2899932861328, 315.3411560058594, 461.0945129394531], [252.35018920898438, 6.00383996963501, 326.7670593261719, 163.50238037109375], [2.405487060546875, -14.217930793762207, 107.3203125, 266.15216064453125], [114.18423461914062, 167.00177001953125, 128.52842712402344, 300.77960205078125], [135.4171600341797, 171.40176391601562, 188.76422119140625, 317.1395263671875], [73.89486694335938, 168.7254180908203, 121.35580444335938, 325.6567077636719], [133.6781768798828, 18.92458724975586, 197.41506958007812, 154.03318786621094], [137.38827514648438, 161.8045654296875, 180.4144287109375, 434.2465515136719], [230.92984008789062, 241.26426696777344, 336.7276916503906, 500.01531982421875], [192.34872436523438, 74.87353515625, 255.51136779785156, 150.69435119628906], [255.9733123779297, 167.69668579101562, 311.831298828125, 312.9962158203125], [193.96536254882812, 170.32046508789062, 250.01284790039062, 317.1280212402344], [195.00579833984375, 163.7721405029297, 249.79638671875, 347.2305908203125], [76.91287994384766, 12.956184387207031, 137.55551147460938, 207.96006774902344], [59.1353645324707, 165.52989196777344, 134.32077026367188, 389.1800231933594], [288.989013671875, -7.989341735839844, 342.2035217285156, 500.5585021972656], [255.70620727539062, 167.64199829101562, 312.90606689453125, 312.6066589355469], [137.45201110839844, 191.004150390625, 144.26242065429688, 303.8994140625], [252.63392639160156, 31.370481491088867, 337.58306884765625, 462.01202392578125], [77.76116943359375, 8.794510841369629, 132.5027618408203, 321.2298583984375], [78.81755065917969, 6.737334251403809, 131.0711212158203, 322.78192138671875], [24.66813850402832, 358.0370788574219, 330.1031188964844, 499.8883361816406], [198.86141967773438, -1.0496673583984375, 249.93923950195312, 409.9812316894531], [133.0549774169922, 162.7090606689453, 246.31427001953125, 441.5732116699219], [139.93966674804688, 2.138690233230591, 187.20773315429688, 501.6141357421875], [138.44668579101562, 169.18948364257812, 187.1349334716797, 304.3209533691406], [56.4039192199707, 272.6554260253906, 328.697265625, 500.91632080078125], [72.30142211914062, 164.3212432861328, 132.86936950683594, 399.53851318359375], [194.23843383789062, 168.28125, 249.79360961914062, 318.7086486816406], [178.0906524658203, 197.62901306152344, 186.7672882080078, 311.01287841796875], [135.33229064941406, 165.70883178710938, 189.4444122314453, 313.7409973144531], [275.751953125, -52.818790435791016, 341.62945556640625, 508.3527526855469], [5.393428325653076, 74.9000473022461, 336.943603515625, 502.8609619140625], [72.7444839477539, 160.47711181640625, 134.76608276367188, 504.42633056640625], [253.07113647460938, 159.94345092773438, 322.7865295410156, 495.2857360839844], [275.751953125, -52.818790435791016, 341.62945556640625, 508.3527526855469], [252.51910400390625, 321.8515319824219, 332.3388977050781, 498.1214599609375], [252.7043914794922, 160.6014404296875, 