{"labels": [14, 14, 14, 14, 8, 14, 8, 14, 8, 10, 8, 14, 10, 14, 3, 14, 8, 14, 19, 8, 1, 19, 18, 14, 14, 10, 8, 14, 6, 10, 14, 14, 14, 6, 6, 14, 14, 14, 8, 14, 1, 4, 5, 14, 1, 1, 14, 14, 14, 3, 8, 10, 14, 6, 8, 14, 14, 14, 14, 4, 4, 19, 3, 3, 14, 3, 8, 18, 8, 3, 3, 1, 8, 4, 14, 8, 13, 3, 8, 4, 8, 18, 19, 8, 4, 8, 6, 17, 10, 8, 8, 8, 8, 14, 18, 8, 13, 15, 4, 19], "scores": [0.34348008036613464, 0.19256603717803955, 0.1687515377998352, 0.6756451725959778, 0.038256216794252396, 0.15089407563209534, 0.04434124380350113, 0.20680193603038788, 0.03802141547203064, 0.04264901205897331, 0.045186370611190796, 0.2676900029182434, 0.0931890606880188, 0.1449897289276123, 0.04229692369699478, 0.06250184029340744, 0.05096016451716423, 0.3450092375278473, 0.05855967104434967, 0.04781648516654968, 0.06445445865392685, 0.04268340766429901, 0.08295197784900665, 0.13292430341243744, 0.07601244002580643, 0.06599776446819305, 0.05259105563163757, 0.11377592384815216, 0.04123053699731827, 0.10252255946397781, 0.09632556140422821, 0.23497936129570007, 0.1344209909439087, 0.04789002612233162, 0.04159083589911461, 0.48680317401885986, 0.4568110704421997, 0.08406860381364822, 0.04636203125119209, 0.18571950495243073, 0.05591100454330444, 0.04162176325917244, 0.06419450044631958, 0.20994901657104492, 0.0549236536026001, 0.053946174681186676, 0.4113275706768036, 0.20895469188690186, 0.12396188825368881, 0.061452195048332214, 0.06425611674785614, 0.05501153692603111, 0.19270768761634827, 0.03835136815905571, 0.0798753947019577, 0.23112377524375916, 0.137351855635643, 0.25590038299560547, 0.18386240303516388, 0.03729349002242088, 0.0355990007519722, 0.03154188394546509, 0.0335354283452034, 0.030978649854660034, 0.03669096529483795, 0.03122902661561966, 0.03454722836613655, 0.0366588719189167, 0.034620482474565506, 0.03073706477880478, 0.03026399202644825, 0.029358768835663795, 0.03371097892522812, 0.03394994139671326, 0.03544066101312637, 0.03371302783489227, 0.03343384712934494, 0.03132638335227966, 0.03522322326898575, 0.030060138553380966, 0.03008551523089409, 0.029244929552078247, 0.029598699882626534, 0.033415596932172775, 0.029443563893437386, 0.02992420829832554, 0.031040450558066368, 0.030291324481368065, 0.03520359471440315, 0.0323256254196167, 0.03710011765360832, 0.02914212830364704, 0.029087280854582787, 0.02896595373749733, 0.02875484712421894, 0.028621317818760872, 0.028601713478565216, 0.028576035052537918, 0.02854989841580391, 0.028525397181510925], "bboxes": [[127.92816925048828, 253.97425842285156, 156.42355346679688, 349.2342834472656], [128.31192016601562, 253.5229949951172, 156.49058532714844, 349.5046691894531], [145.09727478027344, 252.41665649414062, 165.58807373046875, 331.85357666015625], [127.8294448852539, 254.75442504882812, 156.3583984375, 349.5986328125], [190.38351440429688, 260.7124938964844, 218.06736755371094, 344.7062683105469], [179.86058044433594, 261.0734558105469, 213.48284912109375, 341.7411804199219], [127.92816925048828, 253.97425842285156, 156.42355346679688, 349.2342834472656], [127.930908203125, 254.2545623779297, 156.2289581298828, 349.37939453125], [127.930908203125, 254.2545623779297, 156.2289581298828, 349.37939453125], [-5.532934665679932, 329.2613830566406, 207.98690795898438, 410.5321044921875], [191.0457000732422, 260.7856140136719, 218.64430236816406, 345.4833679199219], [157.88304138183594, 248.97789001464844, 184.89971923828125, 347.4033203125], [198.7330322265625, 316.169189453125, 219.52035522460938, 344.3527526855469], [193.5330810546875, 261.1143493652344, 218.2196807861328, 344.6168212890625], [158.26431274414062, 304.8959045410156, 186.94334411621094, 346.9157409667969], [195.63946533203125, 262.6449279785156, 214.2855987548828, 291.7894287109375], [191.42138671875, 261.0948791503906, 218.62759399414062, 344.692626953125], [191.0457000732422, 260.7856140136719, 218.64430236816406, 345.4833679199219], [4.172454833984375, 43.66551208496094, 414.6263122558594, 264.1798400878906], [127.8294448852539, 254.75442504882812, 156.3583984375, 349.5986328125], [131.69256591796875, 317.6856384277344, 149.70362854003906, 346.8535461425781], [1.87269926071167, -10.089859962463379, 374.6897888183594, 391.9404602050781], [1.87269926071167, -10.089859962463379, 374.6897888183594, 391.9404602050781], [128.14990234375, 255.503662109375, 157.99266052246094, 349.05023193359375], [192.31198120117188, 262.4793701171875, 214.26768493652344, 287.9378967285156], [158.26431274414062, 304.8959045410156, 186.94334411621094, 346.9157409667969], [188.4135284423828, 261.0349426269531, 219.1837615966797, 344.1874694824219], [129.24916076660156, 253.5730743408203, 156.4524383544922, 349.5819091796875], [134.62646484375, 324.9806823730469, 201.51881408691406, 346.7755126953125], [134.62646484375, 324.9806823730469, 201.51881408691406, 346.7755126953125], [173.6405792236328, 283.08856201171875, 188.72515869140625, 341.9706726074219], [154.79331970214844, 246.4650421142578, 180.29981994628906, 348.4343566894531], [164.3128204345703, 248.0694122314453, 187.641357421875, 347.7882385253906], [192.31198120117188, 262.4793701171875, 214.26768493652344, 287.9378967285156], [158.26431274414062, 304.8959045410156, 186.94334411621094, 346.9157409667969], [188.4135284423828, 261.0349426269531, 219.1837615966797, 344.1874694824219], [191.42138671875, 261.0948791503906, 218.62759399414062, 344.692626953125], [181.43911743164062, 313.8841247558594, 189.4373321533203, 337.3367614746094], [173.6405792236328, 283.08856201171875, 188.72515869140625, 341.9706726074219], [190.28311157226562, 260.7432861328125, 218.3907928466797, 345.3426513671875], [181.43911743164062, 313.8841247558594, 189.4373321533203, 337.3367614746094], [181.43911743164062, 313.8841247558594, 189.4373321533203, 337.3367614746094], [1.87269926071167, -10.089859962463379, 374.6897888183594, 391.9404602050781], [154.47731018066406, 249.64321899414062, 184.2000274658203, 346.5954895019531], [158.26431274414062, 304.8959045410156, 186.94334411621094, 346.9157409667969], [190.92242431640625, 296.9140930175781, 214.65518188476562, 342.8648376464844], [156.39662170410156, 248.77447509765625, 185.07786560058594, 347.305419921875], [157.5185089111328, 245.72219848632812, 183.24391174316406, 348.51068115234375], [157.0936279296875, 247.0087890625, 185.9467315673828, 331.6069030761719], [1.87269926071167, -10.089859962463379, 374.6897888183594, 391.9404602050781], [190.92242431640625, 296.9140930175781, 214.65518188476562, 342.8648376464844], [181.43911743164062, 313.8841247558594, 189.4373321533203, 337.3367614746094], [128.6751708984375, 253.4632568359375, 155.0712127685547, 349.5528869628906], [181.43911743164062, 313.8841247558594, 189.4373321533203, 337.3367614746094], [181.43911743164062, 313.8841247558594, 189.4373321533203, 337.3367614746094], [179.6566162109375, 259.54119873046875, 203.0081024169922, 338.40509033203125], [158.4771728515625, 249.7616729736328, 187.21034240722656, 346.94525146484375], [190.38351440429688, 260.7124938964844, 218.06736755371094, 344.7062683105469], [128.38658142089844, 253.38406372070312, 155.97019958496094, 349.4706115722656], [4.172454833984375, 43.66551208496094, 414.6263122558594, 264.1798400878906], [173.6405792236328, 283.08856201171875, 188.72515869140625, 341.9706726074219], [19.763952255249023, 192.75521850585938, 53.983848571777344, 362.68133544921875], [134.62646484375, 324.9806823730469, 201.51881408691406, 346.7755126953125], [198.7330322265625, 316.169189453125, 219.52035522460938, 344.3527526855469], [190.92242431640625, 296.9140930175781, 214.65518188476562, 342.8648376464844], [190.92242431640625, 296.9140930175781, 214.65518188476562, 342.8648376464844], [190.28311157226562, 260.7432861328125, 218.3907928466797, 345.3426513671875], [4.172454833984375, 43.66551208496094, 414.6263122558594, 264.1798400878906], [154.79331970214844, 246.4650421142578, 180.29981994628906, 348.4343566894531], [181.43911743164062, 313.8841247558594, 189.4373321533203, 