{"labels": [13, 15, 6, 17, 6, 14, 6, 18, 5, 6, 5, 6, 6, 5, 5, 5, 13, 0, 3, 6, 5, 6, 6, 5, 5, 5, 6, 6, 6, 5, 6, 6, 6, 5, 6, 5, 6, 0, 6, 6, 6, 5, 6, 13, 3, 4, 6, 5, 6, 7, 8, 10, 14, 12, 14, 6, 5, 6, 5, 5, 5, 5, 13, 18, 14, 17, 0, 5, 5, 18, 5, 14, 3, 0, 7, 13, 14, 7, 13, 14, 13, 6, 13, 14, 0, 7, 13, 18, 13, 18, 14, 14, 12, 13, 14, 13, 18, 14, 13, 5], "scores": [0.04573813080787659, 0.02519504353404045, 0.26975560188293457, 0.026673009619116783, 0.04675982519984245, 0.019042836502194405, 0.04630081728100777, 0.03294697031378746, 0.018535709008574486, 0.033177848905324936, 0.01716325432062149, 0.037618424743413925, 0.0273345448076725, 0.01493930909782648, 0.024425793439149857, 0.016935382038354874, 0.01651202328503132, 0.017515825107693672, 0.017791559919714928, 0.0230883602052927, 0.01586947962641716, 0.04942943528294563, 0.04900341108441353, 0.016732633113861084, 0.02625950612127781, 0.017267050221562386, 0.04234891012310982, 0.041629593819379807, 0.07468622177839279, 0.015588900074362755, 0.04184272512793541, 0.0443531759083271, 0.03566112369298935, 0.01851978898048401, 0.04822133108973503, 0.015199001878499985, 0.03400994464755058, 0.02771218866109848, 0.018077455461025238, 0.01642175205051899, 0.05366937443614006, 0.016692372038960457, 0.04730096831917763, 0.018617166206240654, 0.042043689638376236, 0.03974929824471474, 0.023145411163568497, 0.05521368607878685, 0.819061279296875, 0.01489754393696785, 0.019947241991758347, 0.017327548936009407, 0.019689805805683136, 0.015516716055572033, 0.032532528042793274, 0.045047860592603683, 0.014675385318696499, 0.016092104837298393, 0.014638081192970276, 0.013813541270792484, 0.014216710813343525, 0.013842619955539703, 0.01397763006389141, 0.013035419397056103, 0.01262093149125576, 0.013299612328410149, 0.013663889840245247, 0.013666505925357342, 0.014400090090930462, 0.012636033818125725, 0.013558909296989441, 0.012423469685018063, 0.012350046075880527, 0.012298782356083393, 0.012248513288795948, 0.012166623026132584, 0.012084401212632656, 0.012024253606796265, 0.011980967596173286, 0.01196490228176117, 0.011817051097750664, 0.011751698330044746, 0.011733940802514553, 0.01168377697467804, 0.011655065231025219, 0.011610405519604683, 0.01156357116997242, 0.011515789665281773, 0.011487836949527264, 0.01148541085422039, 0.011445742100477219, 0.011399934068322182, 0.011361317709088326, 0.011244909837841988, 0.011242174543440342, 0.011233486235141754, 0.011133761145174503, 0.01101484801620245, 0.01101201307028532, 0.010962983593344688], "bboxes": [[268.82171630859375, 140.50218200683594, 324.6819152832031, 189.5546112060547], [268.82171630859375, 140.50218200683594, 324.6819152832031, 189.5546112060547], [268.8555603027344, 140.8981170654297, 324.83990478515625, 189.02101135253906], [268.82171630859375, 140.50218200683594, 324.6819152832031, 189.5546112060547], [269.7047424316406, 141.1621551513672, 324.0423583984375, 188.94073486328125], [263.583984375, 155.7898406982422, 273.30108642578125, 172.7296142578125], [263.583984375, 155.7898406982422, 273.30108642578125, 172.7296142578125], [268.82171630859375, 140.50218200683594, 324.6819152832031, 189.5546112060547], [288.492919921875, 151.6322479248047, 323.0986328125, 185.80677795410156], [269.0685729980469, 147.8794403076172, 324.8807067871094, 188.38137817382812], [269.0685729980469, 147.8794403076172, 324.8807067871094, 188.38137817382812], [269.69775390625, 140.90936279296875, 319.5609130859375, 186.52328491210938], [288.492919921875, 151.6322479248047, 323.0986328125, 185.80677795410156], [269.7047424316406, 141.1621551513672, 324.0423583984375, 188.94073486328125], [268.8555603027344, 140.8981170654297, 324.83990478515625, 189.02101135253906], [263.583984375, 155.7898406982422, 273.30108642578125, 172.7296142578125], [270.1209411621094, 145.22003173828125, 281.3853454589844, 182.88217163085938], [263.583984375, 155.7898406982422, 273.30108642578125, 172.7296142578125], [268.8555603027344, 140.8981170654297, 324.83990478515625, 189.02101135253906], [298.9859313964844, 164.00146484375, 322.75244140625, 189.4673614501953], [268.9728698730469, 141.04747009277344, 324.28240966796875, 189.20645141601562], [268.9728698730469, 141.04747009277344, 324.28240966796875, 189.20645141601562], [270.83111572265625, 141.4149627685547, 323.6997375488281, 185.8324737548828], [270.83111572265625, 141.4149627685547, 323.6997375488281, 185.8324737548828], [267.90887451171875, 142.58352661132812, 322.8846435546875, 171.5629119873047], [268.9119567871094, 141.14962768554688, 324.4455261230469, 188.72647094726562], [267.90887451171875, 142.58352661132812, 322.8846435546875, 171.5629119873047], [270.30780029296875, 141.02232360839844, 323.4323425292969, 188.83499145507812], [268.9119567871094, 141.14962768554688, 324.4455261230469, 188.72647094726562], [269.4610900878906, 141.16310119628906, 324.1524658203125, 188.97686767578125], [236.08555603027344, 140.9275665283203, 329.0274963378906, 188.10890197753906], [269.4610900878906, 141.16310119628906, 324.1524658203125, 188.97686767578125], [270.2580871582031, 142.3011016845703, 305.6743469238281, 169.6639862060547], [270.2580871582031, 142.3011016845703, 305.6743469238281, 169.6639862060547], [269.5331115722656, 141.31715393066406, 323.9659729003906, 188.58241271972656], [269.5331115722656, 141.31715393066406, 323.9659729003906, 188.58241271972656], [270.1209411621094, 145.22003173828125, 281.3853454589844, 182.88217163085938], [268.82171630859375, 140.50218200683594, 324.6819152832031, 189.5546112060547], [287.4434814453125, 181.39553833007812, 323.2071228027344, 193.6575469970703], [288.0099182128906, 160.74440002441406, 331.71990966796875, 190.69203186035156], [269.3086242675781, 141.1788787841797, 324.12152099609375, 189.06610107421875], [269.3086242675781, 141.1788787841797, 324.12152099609375, 189.06610107421875], [269.1947021484375, 141.1747283935547, 324.0148620605469, 188.6707763671875], [268.8555603027344, 140.8981170654297, 324.83990478515625, 189.02101135253906], [268.82171630859375, 140.50218200683594, 324.6819152832031, 189.5546112060547], [268.82171630859375, 140.50218200683594, 324.6819152832031, 189.5546112060547], [306.3753967285156, 171.25889587402344, 322.451904296875, 188.8424835205078], [268.82171630859375, 140.50218200683594, 324.6819152832031, 189.5546112060547], [268.82171630859375, 140.50218200683594, 324.6819152832031, 189.5546112060547], [268.82171630859375, 140.50218200683594, 324.6819152832031, 189.5546112060547], [268.82171630859375, 140.50218200683594, 324.6819152832031, 189.5546112060547], [268.82171630859375, 140.50218200683594, 324.6819152832031, 189.5546112060547], [268.8555603027344, 140.8981170654297, 324.83990478515625, 189.02101135253906], [268.82171630859375, 140.50218200683594, 324.6819152832031, 189.5546112060547], [268.82171630859375, 140.50218200683594, 324.6819152832031, 189.5546112060547], [268.9089660644531, 141.02748107910156, 324.2162780761719, 189.11085510253906], [268.9089660644531, 141.02748107910156, 324.2162780761719, 189.11085510253906], [169.5225372314453, 142.79861450195312, 336.90234375, 185.83323669433594], [269.1947021484375, 141.1747283935547, 324.0148620605469, 188.6707763671875], [306.3753967285156, 171.25889587402344, 322.451904296875, 188.8424835205078], [287.4434814453125, 181.39553833007812, 323.2071228027344, 193.6575469970703], [270.1209411621094, 145.22003173828125, 281.3853454589844, 182.88217163085938], [306.3753967285156, 171.25889587402344, 322.451904296875, 188.8424835205078], [263.583984375, 155.7898406982422, 273.30108642578125, 172.7296142578125], [270.83111572265625, 141.4149627685547, 323.6997375488281, 185.8324737548828], [268.8555603027344, 140.8981170654297, 324.83990478515625, 189.02101135253906], [268.8555603027344, 140.8981170654297, 324.83990478515625, 189.02101135253906], [269.69775390625, 140.90936279296875, 319.5609130859375, 186.52328491210938], [298.9859313964844, 164.00146484375, 322.75244140625, 189.4673614501953], [268.8555603027344, 