{"labels": [9, 11, 9, 4, 11, 2, 11, 11, 12, 17, 11, 14, 11, 17, 16, 14, 16, 14, 11, 9, 9, 16, 12, 14, 7, 11, 16, 14, 12, 11, 11, 9, 4, 7, 2, 11, 8, 8, 2, 14, 4, 11, 12, 7, 4, 2, 12, 11, 11, 9, 15, 7, 8, 2, 14, 7, 11, 7, 11, 11, 11, 14, 14, 8, 2, 4, 4, 15, 14, 12, 11, 9, 2, 8, 11, 4, 6, 8, 11, 7, 11, 4, 3, 2, 2, 12, 4, 14, 11, 9, 11, 12, 2, 1, 7, 19, 14, 13, 9, 7], "scores": [0.01757989637553692, 0.015898093581199646, 0.015473226085305214, 0.016515005379915237, 0.017269348725676537, 0.025468792766332626, 0.016926279291510582, 0.013954438269138336, 0.014846990816295147, 0.01527077704668045, 0.013953400775790215, 0.014838652685284615, 0.01665451005101204, 0.014430576004087925, 0.025467591360211372, 0.03950526565313339, 0.021831683814525604, 0.031947895884513855, 0.4922952651977539, 0.019177904352545738, 0.02937295287847519, 0.015440700575709343, 0.02854478545486927, 0.020776493474841118, 0.10040082782506943, 0.022576365619897842, 0.017540927976369858, 0.025841200724244118, 0.022365234792232513, 0.2308254837989807, 0.03177829831838608, 0.01756037399172783, 0.024243555963039398, 0.04966174066066742, 0.017540672793984413, 0.014237509109079838, 0.016257988288998604, 0.018604189157485962, 0.037561364471912384, 0.04020541533827782, 0.018080223351716995, 0.026050997897982597, 0.02715575508773327, 0.016125047579407692, 0.015433904714882374, 0.027566639706492424, 0.018686393275856972, 0.15762777626514435, 0.4186539649963379, 0.026504866778850555, 0.014800217933952808, 0.07809354364871979, 0.02762627974152565, 0.025625044479966164, 0.02567543089389801, 0.04148706793785095, 0.018011286854743958, 0.014645662158727646, 0.014426629059016705, 0.013950003311038017, 0.014367189258337021, 0.0180177204310894, 0.02279915101826191, 0.016627494245767593, 0.01693795435130596, 0.025877712294459343, 0.02120443806052208, 0.01658535934984684, 0.2186080366373062, 0.02845079079270363, 0.015011228621006012, 0.017271704971790314, 0.0210074745118618, 0.04764963313937187, 0.01479633804410696, 0.0170463714748621, 0.016506318002939224, 0.018934668973088264, 0.023990562185645103, 0.01412162370979786, 0.035209111869335175, 0.05500650405883789, 0.014710274524986744, 0.03213947266340256, 0.022888315841555595, 0.03184422478079796, 0.02232351526618004, 0.04964279755949974, 0.024257740005850792, 0.018235867843031883, 0.01397793274372816, 0.01464213989675045, 0.013917403295636177, 0.013731538318097591, 0.013825186528265476, 0.013652474619448185, 0.013838780112564564, 0.01349384430795908, 0.013407336547970772, 0.013276254758238792], "bboxes": [[68.36122131347656, -0.0959654226899147, 342.3631286621094, 214.1857147216797], [252.1265411376953, 54.49675750732422, 333.4224853515625, 216.5713653564453], [142.13563537597656, 191.34033203125, 196.77459716796875, 256.9195861816406], [142.13563537597656, 191.34033203125, 196.77459716796875, 256.9195861816406], [141.60215759277344, 60.653377532958984, 338.37469482421875, 212.65072631835938], [142.13563537597656, 191.34033203125, 196.77459716796875, 256.9195861816406], [252.93797302246094, 63.89478302001953, 341.4241943359375, 214.411376953125], [252.06451416015625, 96.304443359375, 332.9636535644531, 214.33750915527344], [65.33969116210938, -4.243260383605957, 341.14227294921875, 214.17306518554688], [68.36122131347656, -0.0959654226899147, 342.3631286621094, 214.1857147216797], [253.04598999023438, 86.722412109375, 335.6962585449219, 212.43026733398438], [65.33969116210938, -4.243260383605957, 341.14227294921875, 214.17306518554688], [253.89633178710938, 54.15815734863281, 332.4574890136719, 214.81640625], [244.5491180419922, 53.53510284423828, 341.7856750488281, 214.7972869873047], [244.5491180419922, 53.53510284423828, 341.7856750488281, 214.7972869873047], [244.5491180419922, 53.53510284423828, 341.7856750488281, 214.7972869873047], [244.9893035888672, 54.211551666259766, 343.3738098144531, 214.30909729003906], [68.36122131347656, -0.0959654226899147, 342.3631286621094, 214.1857147216797], [244.5491180419922, 53.53510284423828, 341.7856750488281, 214.7972869873047], [143.2524871826172, 188.8030548095703, 196.5317840576172, 256.3814697265625], [244.5491180419922, 53.53510284423828, 341.7856750488281, 214.7972869873047], [246.20335388183594, 52.986236572265625, 339.8727111816406, 214.29039001464844], [68.36122131347656, -0.0959654226899147, 342.3631286621094, 214.1857147216797], [246.20335388183594, 52.986236572265625, 339.8727111816406, 214.29039001464844], [244.5491180419922, 53.53510284423828, 341.7856750488281, 214.7972869873047], [68.36122131347656, -0.0959654226899147, 342.3631286621094, 214.1857147216797], [247.79244995117188, 53.199554443359375, 338.4242248535156, 214.25314331054688], [247.79244995117188, 53.199554443359375, 338.4242248535156, 214.25314331054688], [247.79244995117188, 53.199554443359375, 338.4242248535156, 214.25314331054688], [247.79244995117188, 53.199554443359375, 338.4242248535156, 214.25314331054688], [251.16583251953125, 54.968841552734375, 336.4790344238281, 214.97557067871094], [247.79244995117188, 53.199554443359375, 338.4242248535156, 214.25314331054688], [143.2524871826172, 188.8030548095703, 196.5317840576172, 256.3814697265625], [247.79244995117188, 53.199554443359375, 338.4242248535156, 214.25314331054688], [247.79244995117188, 53.199554443359375, 338.4242248535156, 214.25314331054688], [269.8412780761719, 52.08732223510742, 336.37640380859375, 165.6473846435547], [68.36122131347656, -0.0959654226899147, 342.3631286621094, 214.1857147216797], [135.92422485351562, -10.447718620300293, 198.8982391357422, 209.93685913085938], [143.2524871826172, 188.8030548095703, 196.5317840576172, 256.3814697265625], [244.9893035888672, 54.211551666259766, 343.3738098144531, 214.30909729003906], [72.57227325439453, -2.8017420768737793, 197.57357788085938, 216.24285888671875], [254.4913330078125, 163.64796447753906, 328.8093566894531, 209.8412628173828], [244.9893035888672, 54.211551666259766, 343.3738098144531, 214.30909729003906], [254.4913330078125, 163.64796447753906, 328.8093566894531, 209.8412628173828], [135.92422485351562, -10.447718620300293, 198.8982391357422, 209.93685913085938], [244.5491180419922, 53.53510284423828, 341.7856750488281, 214.7972869873047], [246.20335388183594, 52.986236572265625, 339.8727111816406, 214.29039001464844], [246.20335388183594, 52.986236572265625, 339.8727111816406, 214.29039001464844], [244.9893035888672, 54.211551666259766, 343.3738098144531, 214.30909729003906], [244.9893035888672, 54.211551666259766, 343.3738098144531, 214.30909729003906], [143.2524871826172, 188.8030548095703, 196.5317840576172, 256.3814697265625], [244.9893035888672, 54.211551666259766, 343.3738098144531, 214.30909729003906], [72.57227325439453, -2.8017420768737793, 197.57357788085938, 216.24285888671875], [244.9893035888672, 54.211551666259766, 343.3738098144531, 214.30909729003906], [72.57227325439453, -2.8017420768737793, 197.57357788085938, 216.24285888671875], [246.20335388183594, 52.986236572265625, 339.8727111816406, 214.29039001464844], [254.1548309326172, 152.67674255371094, 322.7214050292969, 211.78335571289062], [254.1548309326172, 152.67674255371094, 322.7214050292969, 211.78335571289062], [248.79818725585938, 74.93279266357422, 335.7077331542969, 217.33009338378906], [260.7202453613281, 110.48265075683594, 334.3959655761719, 215.57579040527344], [253.33609008789062, 130.6111297607422, 329.5369873046875, 212.7853240966797], [78.02252197265625, 152.28823852539062, 119.6710433959961, 213.96836853027344], [140.01388549804688, -29.4302978515625, 201.71800231933594, 264.5765686035156], [140.01388549804688, -29.4302978515625, 201.71800231933594, 264.5765686035156], [73.05439758300781, -1.471943974494934, 153.92161560058594, 215.35926818847656], [140.01388549804688, -29.4302978515625, 201.71800231933594, 264.5765686035156], [73.05439758300781, -1.471943974494934, 153.92161560058594, 215.35926818847656], [73.08203125, 1.0399489402770996, 201.1835174560547, 213.43954467773438], [73.08203125, 1.0399489402770996, 