{"labels": [7, 7, 7, 7, 11, 7, 7, 19, 7, 7, 7, 7, 7, 7, 7, 11, 7, 7, 7, 7, 19, 8, 7, 11, 7, 7, 7, 7, 7, 7, 7, 19, 7, 7, 19, 18, 7, 17, 7, 7, 19, 11, 8, 7, 7, 11, 19, 7, 7, 7, 7, 7, 7, 19, 7, 7, 0, 7, 7, 11, 2, 7, 4, 7, 8, 9, 7, 12, 14, 15, 16, 11, 19, 7, 17, 8, 7, 7, 7, 18, 7, 19, 7, 7, 7, 19, 7, 7, 7, 7, 19, 19, 19, 11, 19, 18, 19, 11, 19, 19], "scores": [0.017938299104571342, 0.019882597029209137, 0.022645430639386177, 0.017648372799158096, 0.059522487223148346, 0.014889000914990902, 0.014001921750605106, 0.014833376742899418, 0.028831055387854576, 0.016951894387602806, 0.030474355444312096, 0.024980371817946434, 0.024281473830342293, 0.0321943536400795, 0.01955210603773594, 0.013996195048093796, 0.022591939195990562, 0.022921232506632805, 0.20387934148311615, 0.01827608235180378, 0.014055351726710796, 0.01978163793683052, 0.03351335600018501, 0.028545567765831947, 0.020259300246834755, 0.014868446625769138, 0.02070530876517296, 0.015912355855107307, 0.015538825653493404, 0.018072767183184624, 0.025759834796190262, 0.013565906323492527, 0.020465021952986717, 0.015088939107954502, 0.013847372494637966, 0.013747219927608967, 0.048093996942043304, 0.01499843131750822, 0.01588175632059574, 0.031958043575286865, 0.014958330430090427, 0.02530430443584919, 0.019121000543236732, 0.015346135012805462, 0.20267492532730103, 0.015706274658441544, 0.015713905915617943, 0.015455127693712711, 0.04191996902227402, 0.016376104205846786, 0.029518630355596542, 0.01569264940917492, 0.02045975998044014, 0.014335534535348415, 0.024322403594851494, 0.024973822757601738, 0.03338799998164177, 0.02611839398741722, 0.06599767506122589, 0.013679148629307747, 0.03574763610959053, 0.020226407796144485, 0.01993374340236187, 0.7108413577079773, 0.03996561840176582, 0.02388250268995762, 0.016784561797976494, 0.015278953127563, 0.020634006708860397, 0.016060063615441322, 0.07393467426300049, 0.017338139936327934, 0.014073077589273453, 0.039118196815252304, 0.03696876019239426, 0.014149573631584644, 0.10949618369340897, 0.02099180966615677, 0.02960856258869171, 0.026144761592149734, 0.014663826674222946, 0.016815396025776863, 0.025441573932766914, 0.014989065006375313, 0.016412952914834023, 0.013970027677714825, 0.01845325157046318, 0.017642885446548462, 0.026195339858531952, 0.013458800502121449, 0.013397720642387867, 0.013372041285037994, 0.013269179500639439, 0.01318364404141903, 0.013015883043408394, 0.012930553406476974, 0.012927748262882233, 0.012907246127724648, 0.012888778932392597, 0.012860527262091637], "bboxes": [[168.28807067871094, 49.851165771484375, 481.5940246582031, 191.7379913330078], [132.97357177734375, 197.19338989257812, 280.0570983886719, 289.782958984375], [215.5105438232422, 235.0673828125, 433.3593444824219, 290.5223388671875], [157.91000366210938, 187.61160278320312, 232.69570922851562, 287.75714111328125], [92.8805160522461, 6.601973056793213, 459.5046691894531, 292.38568115234375], [157.38864135742188, 100.18777465820312, 300.3114013671875, 209.26480102539062], [194.35372924804688, 128.04840087890625, 331.7774658203125, 269.0950012207031], [126.20425415039062, 2.671151876449585, 281.2091064453125, 100.94120788574219], [149.64688110351562, 46.60608673095703, 291.913818359375, 298.62530517578125], [107.71354675292969, 40.716129302978516, 299.3208312988281, 220.30496215820312], [128.42803955078125, 4.017934799194336, 273.1560974121094, 85.08428955078125], [152.3445587158203, 93.96044921875, 360.9920959472656, 292.5078125], [122.3712158203125, 37.475948333740234, 469.4134826660156, 297.4255676269531], [142.2497100830078, -0.38736632466316223, 296.9098205566406, 302.7262878417969], [121.24649047851562, -0.9943241477012634, 277.61639404296875, 168.12063598632812], [128.42803955078125, 4.017934799194336, 273.1560974121094, 85.08428955078125], [122.39871215820312, 3.741490602493286, 338.2652893066406, 161.53419494628906], [128.24075317382812, 2.5328309535980225, 295.2475891113281, 206.8546142578125], [93.8215560913086, 4.092086315155029, 353.275634765625, 295.0234680175781], [136.13197326660156, 192.98220825195312, 246.9612274169922, 290.22821044921875], [128.42803955078125, 4.017934799194336, 273.1560974121094, 85.08428955078125], [93.8215560913086, 4.092086315155029, 353.275634765625, 295.0234680175781], [221.7244110107422, 205.0819854736328, 320.0078125, 292.0581359863281], [93.8215560913086, 4.092086315155029, 353.275634765625, 295.0234680175781], [101.78884887695312, 3.7186648845672607, 286.84320068359375, 179.23890686035156], [186.806640625, 123.45683288574219, 316.6499328613281, 254.5502166748047], [-22.417312622070312, 170.57125854492188, 479.7444763183594, 291.2972106933594], [176.12026977539062, 82.36677551269531, 303.5849609375, 152.60255432128906], [218.1092987060547, 179.40977478027344, 309.0788269042969, 278.3400573730469], [120.09114837646484, 2.8601717948913574, 383.6453552246094, 222.8782958984375], [149.92747497558594, 118.83413696289062, 304.2868347167969, 292.89154052734375], [-22.417312622070312, 170.57125854492188, 479.7444763183594, 291.2972106933594], [107.3101806640625, 0.5154910087585449, 311.7619934082031, 248.33914184570312], [94.70135498046875, 12.368860244750977, 189.0919952392578, 197.48667907714844], [95.94304656982422, 4.643371105194092, 306.7257080078125, 294.9388122558594], [95.94304656982422, 4.643371105194092, 306.7257080078125, 294.9388122558594], [129.54588317871094, 0.6689876914024353, 458.87451171875, 293.1580505371094], [95.94304656982422, 4.643371105194092, 306.7257080078125, 294.9388122558594], [143.03811645507812, 77.04620361328125, 301.1671447753906, 206.9485626220703], [119.44947814941406, 2.018796682357788, 356.8127746582031, 304.75103759765625], [127.70987701416016, 1.61468505859375, 295.3180236816406, 151.60397338867188], [95.94304656982422, 4.643371105194092, 306.7257080078125, 294.9388122558594], [95.94304656982422, 4.643371105194092, 306.7257080078125, 294.9388122558594], [175.6256866455078, 101.42620086669922, 300.6993408203125, 216.6414031982422], [95.94304656982422, 4.643371105194092, 306.7257080078125, 294.9388122558594], [97.46183776855469, 0.08834472298622131, 392.6945495605469, 291.5099182128906], [128.2348175048828, 2.07418155670166, 277.8727722167969, 108.3190689086914], [110.83653259277344, 1.9611986875534058, 378.06170654296875, 240.32798767089844], [97.46183776855469, 0.08834472298622131, 392.6945495605469, 291.5099182128906], [151.3108367919922, 66.87284088134766, 473.4271240234375, 207.54995727539062], [121.97627258300781, 0.3430584669113159, 299.66766357421875, 299.23126220703125], [171.96534729003906, 92.73397827148438, 298.8865661621094, 259.8212585449219], [217.50421142578125, 61.38707733154297, 477.4474792480469, 215.79884338378906], [121.24649047851562, -0.9943241477012634, 277.61639404296875, 168.12063598632812], [127.70987701416016, 1.61468505859375, 295.3180236816406, 151.60397338867188], [96.8751220703125, 59.942901611328125, 302.4768981933594, 296.9820251464844], [92.8805160522461, 6.601973056793213, 459.5046691894531, 292.38568115234375], [128.2348175048828, 2.07418155670166, 277.8727722167969, 108.3190689086914], [136.73101806640625, 0.22643981873989105, 299.6656799316406, 294.7625732421875], [136.73101806640625, 0.22643981873989105, 299.6656799316406, 294.7625732421875], [92.8805160522461, 6.601973056793213, 459.5046691894531, 292.38568115234375], [120.3525619506836, 2.1941423416137695, 423.28558349609375, 235.5709991455078], [92.8805160522461, 6.601973056793213, 459.5046691894531, 292.38568115234375], [92.8805160522461, 6.601973056793213, 459.5046691894531, 292.38568115234375], [92.8805160522461, 6.601973056793213, 459.5046691894531, 292.38568115234375], [92.8805160522461, 6.601973056793213, 459.5046691894531, 292.38568115234375], [147.23377990722656, 92.05911254882812, 291.5981750488281, 165.9019775390625], [92.8805160522461, 6.601973056793213, 459.5046691894531, 292.38568115234375], [92.8805160522461, 6.601973056793213, 459.5046691894531, 292.38568115234375], [92.8805160522461,